{
  "properties": {
    "connectionReferences": {
      "shared_webcontents": {
        "runtimeSource": "invoker",
        "connection": {
          "connectionReferenceLogicalName": "new_sharedwebcontents_03ce5"
        },
        "api": {
          "name": "shared_webcontents"
        }
      },
      "shared_commondataserviceforapps": {
        "runtimeSource": "embedded",
        "connection": {
          "connectionReferenceLogicalName": "new_sharedcommondataserviceforapps_29694"
        },
        "api": {
          "name": "shared_commondataserviceforapps"
        }
      }
    },
    "definition": {
      "$schema": "https://schema.management.azure.com/providers/Microsoft.Logic/schemas/2016-06-01/workflowdefinition.json#",
      "contentVersion": "1.0.0.0",
      "parameters": {
        "$connections": {
          "defaultValue": {},
          "type": "Object"
        },
        "$authentication": {
          "defaultValue": {},
          "type": "SecureObject"
        }
      },
      "triggers": {
        "manual": {
          "metadata": {
            "operationMetadataId": "25b95335-1cd1-4626-b4ac-018348c56f85"
          },
          "type": "Request",
          "kind": "PowerApp",
          "inputs": {
            "schema": {
              "type": "object",
              "properties": {
                "SetChoiceName_Value": {
                  "type": "string",
                  "description": "Enter initial value",
                  "x-ms-powerflows-param-ispartial": false
                },
                "SetChoiceLabel_Value": {
                  "type": "string",
                  "description": "Enter initial value",
                  "x-ms-powerflows-param-ispartial": false
                }
              },
              "required": [
                "SetChoiceName_Value",
                "SetChoiceLabel_Value"
              ]
            }
          }
        }
      },
      "actions": {
        "Set_ChoiceName": {
          "runAfter": {
            "Set_Result_": [
              "Succeeded"
            ]
          },
          "metadata": {
            "operationMetadataId": "e95b4a8b-be40-450f-bfa1-28b0b1a365fe"
          },
          "type": "InitializeVariable",
          "inputs": {
            "variables": [
              {
                "name": "ChoiceName",
                "type": "string",
                "value": "@{triggerBody()['SetChoiceName_Value']}"
              }
            ]
          }
        },
        "Set_ChoiceLabel": {
          "runAfter": {
            "Set_ChoiceName": [
              "Succeeded"
            ]
          },
          "metadata": {
            "operationMetadataId": "a7f1e7a8-18d9-4484-bb84-985a8a08c0a0"
          },
          "type": "InitializeVariable",
          "inputs": {
            "variables": [
              {
                "name": "ChoiceLabel",
                "type": "string",
                "value": "@{triggerBody()['SetChoiceLabel_Value']}"
              }
            ]
          }
        },
        "Set_Environment_Base_URL": {
          "runAfter": {
            "Set_ChoiceLabel": [
              "Succeeded"
            ]
          },
          "metadata": {
            "operationMetadataId": "c2b04bfb-ce2d-4624-aaa9-7c1af87467c1"
          },
          "type": "InitializeVariable",
          "inputs": {
            "variables": [
              {
                "name": "EnvironmentBaseURL",
                "type": "string",
                "value": "https://t8656default.api.crm4.dynamics.com/"
              }
            ]
          }
        },
        "Invoke_a_GET_request_to_dynamics_API": {
          "runAfter": {
            "Set_Environment_Base_URL": [
              "Succeeded"
            ]
          },
          "metadata": {
            "operationMetadataId": "c255a851-493f-4135-ac49-b303ce421556"
          },
          "type": "OpenApiConnection",
          "inputs": {
            "host": {
              "connectionName": "shared_webcontents",
              "operationId": "InvokeHttp",
              "apiId": "/providers/Microsoft.PowerApps/apis/shared_webcontents"
            },
            "parameters": {
              "request/method": "GET",
              "request/url": "@{variables('EnvironmentBaseURL')}api/data/v9.1/GlobalOptionSetDefinitions(Name='@{variables('ChoiceName')}')"
            },
            "authentication": {
              "type": "Raw",
              "value": "@json(decodeBase64(triggerOutputs().headers['X-MS-APIM-Tokens']))['$ConnectionKey']"
            }
          }
        },
        "Parse_JSON": {
          "runAfter": {
            "Invoke_a_GET_request_to_dynamics_API": [
              "Succeeded"
            ]
          },
          "metadata": {
            "operationMetadataId": "fb5ad746-7fd3-4da8-aea0-cbc349a7fe0a"
          },
          "type": "ParseJson",
          "inputs": {
            "content": "@body('Invoke_a_GET_request_to_dynamics_API')",
            "schema": {
              "type": "object",
              "properties": {
                "statusCode": {
                  "type": "integer"
                },
                "headers": {
                  "type": "object",
                  "properties": {
                    "Vary": {
                      "type": "string"
                    },
                    "x-ms-service-request-id": {
                      "type": "string"
                    },
                    "Cache-Control": {
                      "type": "string"
                    },
                    "Set-Cookie": {
                      "type": "string"
                    },
                    "Strict-Transport-Security": {
                      "type": "string"
                    },
                    "REQ_ID": {
                      "type": "string"
                    },
                    "AuthActivityId": {
                      "type": "string"
                    },
                    "x-ms-dop-hint": {
                      "type": "string"
                    },
                    "x-ms-ratelimit-time-remaining-xrm-requests": {
                      "type": "string"
                    },
                    "x-ms-ratelimit-burst-remaining-xrm-requests": {
                      "type": "string"
                    },
                    "OData-Version": {
                      "type": "string"
                    },
                    "X-Source": {
                      "type": "string"
                    },
                    "Public": {
                      "type": "string"
                    },
                    "Timing-Allow-Origin": {
                      "type": "string"
                    },
                    "x-ms-apihub-cached-response": {
                      "type": "string"
                    },
                    "x-ms-apihub-obo": {
                      "type": "string"
                    },
                    "Date": {
                      "type": "string"
                    },
                    "Allow": {
                      "type": "string"
                    },
                    "Content-Type": {
                      "type": "string"
                    },
                    "Expires": {
                      "type": "string"
                    },
                    "Content-Length": {
                      "type": "string"
                    }
                  }
                },
                "body": {
                  "type": "object",
                  "properties": {
                    "@@odata.context": {
                      "type": "string"
                    },
                    "@@odata.type": {
                      "type": "string"
                    },
                    "IsCustomOptionSet": {
                      "type": "boolean"
                    },
                    "IsGlobal": {
                      "type": "boolean"
                    },
                    "IsManaged": {
                      "type": "boolean"
                    },
                    "Name": {
                      "type": "string"
                    },
                    "ExternalTypeName": {
                      "type": "string"
                    },
                    "OptionSetType": {
                      "type": "string"
                    },
                    "IntroducedVersion": {
                      "type": "string"
                    },
                    "MetadataId": {
                      "type": "string"
                    },
                    "Options": {
                      "type": "array",
                      "items": {
                        "type": "object",
                        "properties": {
                          "Value": {
                            "type": "integer"
                          },
                          "Color": {},
                          "IsManaged": {
                            "type": "boolean"
                          },
                          "ExternalValue": {
                            "type": "string"
                          },
                          "ParentValues": {
                            "type": "array"
                          },
                          "Tag": {},
                          "MetadataId": {},
                          "HasChanged": {},
                          "Label": {
                            "type": "object",
                            "properties": {
                              "LocalizedLabels": {
                                "type": "array",
                                "items": {
                                  "type": "object",
                                  "properties": {
                                    "Label": {
                                      "type": "string"
                                    },
                                    "LanguageCode": {
                                      "type": "integer"
                                    },
                                    "IsManaged": {
                                      "type": "boolean"
                                    },
                                    "MetadataId": {
                                      "type": "string"
                                    },
                                    "HasChanged": {}
                                  },
                                  "required": [
                                    "Label",
                                    "LanguageCode",
                                    "IsManaged",
                                    "MetadataId",
                                    "HasChanged"
                                  ]
                                }
                              },
                              "UserLocalizedLabel": {
                                "type": "object",
                                "properties": {
                                  "Label": {
                                    "type": "string"
                                  },
                                  "LanguageCode": {
                                    "type": "integer"
                                  },
                                  "IsManaged": {
                                    "type": "boolean"
                                  },
                                  "MetadataId": {
                                    "type": "string"
                                  },
                                  "HasChanged": {}
                                }
                              }
                            }
                          },
                          "Description": {
                            "type": "object",
                            "properties": {
                              "LocalizedLabels": {
                                "type": "array",
                                "items": {
                                  "type": "object",
                                  "properties": {
                                    "Label": {
                                      "type": "string"
                                    },
                                    "LanguageCode": {
                                      "type": "integer"
                                    },
                                    "IsManaged": {
                                      "type": "boolean"
                                    },
                                    "MetadataId": {
                                      "type": "string"
                                    },
                                    "HasChanged": {}
                                  },
                                  "required": [
                                    "Label",
                                    "LanguageCode",
                                    "IsManaged",
                                    "MetadataId",
                                    "HasChanged"
                                  ]
                                }
                              },
                              "UserLocalizedLabel": {
                                "type": "object",
                                "properties": {
                                  "Label": {
                                    "type": "string"
                                  },
                                  "LanguageCode": {
                                    "type": "integer"
                                  },
                                  "IsManaged": {
                                    "type": "boolean"
                                  },
                                  "MetadataId": {
                                    "type": "string"
                                  },
                                  "HasChanged": {}
                                }
                              }
                            }
                          }
                        },
                        "required": [
                          "Value",
                          "Color",
                          "IsManaged",
                          "ExternalValue",
                          "ParentValues",
                          "Tag",
                          "MetadataId",
                          "HasChanged",
                          "Label",
                          "Description"
                        ]
                      }
                    },
                    "Description": {
                      "type": "object",
                      "properties": {
                        "LocalizedLabels": {
                          "type": "array"
                        },
                        "UserLocalizedLabel": {}
                      }
                    },
                    "DisplayName": {
                      "type": "object",
                      "properties": {
                        "LocalizedLabels": {
                          "type": "array",
                          "items": {
                            "type": "object",
                            "properties": {
                              "Label": {
                                "type": "string"
                              },
                              "LanguageCode": {
                                "type": "integer"
                              },
                              "IsManaged": {
                                "type": "boolean"
                              },
                              "MetadataId": {
                                "type": "string"
                              },
                              "HasChanged": {}
                            },
                            "required": [
                              "Label",
                              "LanguageCode",
                              "IsManaged",
                              "MetadataId",
                              "HasChanged"
                            ]
                          }
                        },
                        "UserLocalizedLabel": {
                          "type": "object",
                          "properties": {
                            "Label": {
                              "type": "string"
                            },
                            "LanguageCode": {
                              "type": "integer"
                            },
                            "IsManaged": {
                              "type": "boolean"
                            },
                            "MetadataId": {
                              "type": "string"
                            },
                            "HasChanged": {}
                          }
                        }
                      }
                    },
                    "IsCustomizable": {
                      "type": "object",
                      "properties": {
                        "Value": {
                          "type": "boolean"
                        },
                        "CanBeChanged": {
                          "type": "boolean"
                        },
                        "ManagedPropertyLogicalName": {
                          "type": "string"
                        }
                      }
                    }
                  }
                }
              }
            }
          }
        },
        "Set_Result_": {
          "runAfter": {},
          "metadata": {
            "operationMetadataId": "0da25d36-041a-4fc2-91b0-c49e4a16d04c"
          },
          "type": "InitializeVariable",
          "inputs": {
            "variables": [
              {
                "name": "Result",
                "type": "string",
                "value": "isFalse"
              }
            ]
          }
        },
        "Respond_to_a_PowerApp_or_flow": {
          "runAfter": {
            "Apply_to_each_4": [
              "Succeeded"
            ]
          },
          "metadata": {
            "operationMetadataId": "1cda108f-b3c7-422d-b2b6-402275e71782"
          },
          "type": "Response",
          "kind": "PowerApp",
          "inputs": {
            "statusCode": 200,
            "body": {
              "result": "@variables('Result')"
            },
            "schema": {
              "type": "object",
              "properties": {
                "result": {
                  "title": "result",
                  "x-ms-dynamically-added": true,
                  "type": "string"
                }
              }
            }
          }
        },
        "Apply_to_each_4": {
          "foreach": "@body('Parse_JSON')?['Options']",
          "actions": {
            "Filter_array": {
              "runAfter": {},
              "metadata": {
                "operationMetadataId": "eb4ac00d-0a0c-4b28-9ecf-6591ffa1d95e"
              },
              "type": "Query",
              "inputs": {
                "from": "@items('Apply_to_each_4')?['Label']?['LocalizedLabels']",
                "where": "@contains(item()?['Label'], variables('ChoiceLabel'))"
              }
            },
            "Condition": {
              "actions": {
                "Set_variable": {
                  "runAfter": {
                    "Perform_an_unbound_action": [
                      "Succeeded"
                    ]
                  },
                  "metadata": {
                    "operationMetadataId": "3a6ca442-55d2-491c-9ca7-434d762f03df"
                  },
                  "type": "SetVariable",
                  "inputs": {
                    "name": "Result",
                    "value": "isTrue"
                  }
                },
                "Perform_an_unbound_action": {
                  "runAfter": {},
                  "metadata": {
                    "operationMetadataId": "8b1a5c2d-69fb-4ae9-bab7-a04d9010f46b"
                  },
                  "type": "OpenApiConnection",
                  "inputs": {
                    "host": {
                      "connectionName": "shared_commondataserviceforapps",
                      "operationId": "PerformUnboundAction",
                      "apiId": "/providers/Microsoft.PowerApps/apis/shared_commondataserviceforapps"
                    },
                    "parameters": {
                      "actionName": "DeleteOptionValue",
                      "item/OptionSetName": "@variables('ChoiceName')",
                      "item/Value": "@items('Apply_to_each_4')?['Value']",
                      "item/SolutionUniqueName": "Staff_Solution"
                    },
                    "authentication": {
                      "type": "Raw",
                      "value": "@json(decodeBase64(triggerOutputs().headers['X-MS-APIM-Tokens']))['$ConnectionKey']"
                    }
                  }
                }
              },
              "runAfter": {
                "Filter_array": [
                  "Succeeded"
                ]
              },
              "expression": {
                "greater": [
                  "@ length(body('Filter_array'))",
                  0
                ]
              },
              "metadata": {
                "operationMetadataId": "1e970299-5568-488a-a22d-77282bdef7af"
              },
              "type": "If"
            }
          },
          "runAfter": {
            "Parse_JSON": [
              "Succeeded"
            ]
          },
          "metadata": {
            "operationMetadataId": "88ded59f-ba2b-4010-baca-8f025b68274f"
          },
          "type": "Foreach"
        }
      }
    },
    "templateName": ""
  },
  "schemaVersion": "1.0.0.0"
}